local_repo	remote_url	commit
Emacs-wgrep	https://github.com/mhayashi1120/Emacs-wgrep.git	49f09ab9b706d2312cab1199e1eeb1bcd3f27f6f
Highlight-Indentation-for-Emacs	https://github.com/antonj/Highlight-Indentation-for-Emacs.git	d88db4248882da2d4316e76ed673b4ac1fa99ce3
ag.el	https://github.com/Wilfred/ag.el.git	ed7e32064f92f1315cecbfc43f120bbc7508672c
amx	https://github.com/DarwinAwardWinner/amx.git	5b3aa1aae84f4a225cb8d26ab79a32f97693f023
anaphora	https://github.com/rolandwalker/anaphora.git	a755afa7db7f3fa515f8dd2c0518113be0b027f6
annalist.el	https://github.com/noctuid/annalist.el.git	e1ef5dad75fa502d761f70d9ddf1aeb1c423f41d
anzu	https://github.com/emacsorphanage/anzu.git	21cb5ab2295614372cb9f1a21429381e49a6255f
apheleia	https://github.com/radian-software/apheleia.git	fa5d35ea43efa753c4dff71bc2acf473fc351e80
auto-minor-mode	https://github.com/joewreschnig/auto-minor-mode.git	17cfa1b54800fdef2975c0c0531dad34846a5065
auto-yasnippet	https://github.com/abo-abo/auto-yasnippet.git	6a9e406d0d7f9dfd6dff7647f358cb05a0b1637e
avy	https://github.com/abo-abo/avy.git	933d1f36cca0f71e4acb5fac707e9ae26c536264
better-jumper	https://github.com/gilbertw1/better-jumper.git	b1bf7a3c8cb820d942a0305e0e6412ef369f819c
bind-key	https://github.com/emacs-straight/bind-key.git	6ff8788e347ce31b5c3c4647c2e22e7ee2c5ab7c
bongo	https://github.com/dbrock/bongo.git	9e9629090262bba6d0003dabe5a375e47a4477f1
browse-at-remote	https://github.com/rmuslimov/browse-at-remote.git	38e5ffd77493c17c821fd88f938dbf42705a5158
cape	https://github.com/minad/cape.git	9a93d13e223ca3fc469bce4b2932d9e74bdfae57
company-mode	https://github.com/company-mode/company-mode.git	4faf36bc250fa6edaf91d11dd4191afd68a3b629
compat	https://github.com/emacs-compat/compat.git	b5b48183689b536f72b1214106afeabc465da9d4
cond-let	https://github.com/tarsius/cond-let.git	7ec5ace3e6acc240179bf3cdeb6f9e6751530c38
consult	https://github.com/minad/consult.git	8ffa37d7cb577fab68ab580889412b9363235a05
consult-dir	https://github.com/karthink/consult-dir.git	1497b46d6f48da2d884296a1297e5ace1e050eb5
consult-flycheck	https://github.com/minad/consult-flycheck.git	16fa53d2cc31a2689dfb5d012575c81399f6669d
consult-lsp	https://github.com/gagbo/consult-lsp.git	d11102c9db33c4ca7817296a2edafc3e26a61117
consult-org-roam	https://github.com/jgru/consult-org-roam.git	781d9c1cfee8631bc125fa45bab92de320d3941e
consult-yasnippet	https://github.com/mohkale/consult-yasnippet.git	a3482dfbdcbe487ba5ff934a1bb6047066ff2194
corfu	https://github.com/minad/corfu.git	80b3e0264b840c98a131534c2cfd585659ad1372
counsel-projectile	https://github.com/ericdanan/counsel-projectile.git	40d1e1d4bb70acb00fddd6f4df9778bf2c52734b
dash.el	https://github.com/magnars/dash.el.git	d3a84021dbe48dba63b52ef7665651e0cf02e915
deft	https://github.com/jrblevin/deft.git	b369d7225d86551882568788a23c5497b232509c
diff-hl	https://github.com/dgutov/diff-hl.git	7d873b2f58908de1ea2f499da9bf993e088953d7
dired-open-with	https://github.com/FrostyX/dired-open-with.git	5f9fddecea3d467a6d7bdb6a1863505b92a81e0d
diredfl	https://github.com/purcell/diredfl.git	fe72d2e42ee18bf6228bba9d7086de4098f18a70
dirvish	https://github.com/latiagertrutis/dirvish.git	c2406fdcc8dccfb4f3d01f50927491eb3a156036
doom-modeline	https://github.com/seagle0128/doom-modeline.git	871f91fad58aefa9e549cbff1929e0dd328021c7
dumb-jump	https://github.com/jacktasia/dumb-jump.git	9ce4598e9c485821a6e639fa48854d8e05acd970
edit-indirect	https://github.com/Fanael/edit-indirect.git	82a28d8a85277cfe453af464603ea330eae41c05
el-get	https://github.com/dimitri/el-get.git	b966060fd99c2bdf1aae76be190f2e26473cb298
eldoc	https://github.com/emacs-straight/eldoc.git	3fc1a6b854691b69715ff8073278431ec41636c8
elisp-def	https://github.com/Wilfred/elisp-def.git	2451ed6594807448a24a63c51c917727713ed19d
elisp-demos	https://github.com/xuchunyang/elisp-demos.git	1a108d1c5011f9ced58be2ca98bea1fbd4130a2f
elisp-refs	https://github.com/Wilfred/elisp-refs.git	541a064c3ce27867872cf708354a65d83baf2a6d
elpy	https://github.com/jorgenschaefer/elpy.git	3f8d46e0447dd416dfa6f7e12b519cda21aa7e27
emacs-async	https://github.com/jwiegley/emacs-async.git	5faab28916603bb324d9faba057021ce028ca847
emacs-bash-completion	https://github.com/szermatt/emacs-bash-completion.git	e2ae243588db8e03f4d0485bb09b670abbc63eaf
emacs-buttercup	https://github.com/jorgenschaefer/emacs-buttercup.git	2b1537af18498532f7dd58cfee9ac34f7f8a9d4b
emacs-deferred	https://github.com/kiwanami/emacs-deferred.git	2239671d94b38d92e9b28d4e12fd79814cfb9c16
emacs-eat	https://codeberg.org/akib/emacs-eat.git	c8d54d649872bfe7b2b9f49ae5c2addbf12d3b99
emacs-hide-mode-line	https://github.com/hlissner/emacs-hide-mode-line.git	ddd154f1e04d666cd004bf8212ead8684429350d
emacs-ipython-notebook	https://github.com/millejoh/emacs-ipython-notebook.git	8fa836fcd1c22f45d36249b09590b32a890f2b9e
emacs-libvterm	https://github.com/akermu/emacs-libvterm.git	92add72b728e47852ea1e95dc9f08d01b33d4bf0
emacs-pug-mode	https://github.com/hlissner/emacs-pug-mode.git	73f8c2f95eba695f701df20c8436f49abadebdc1
emacs-py-autopep8	https://codeberg.org/ideasman42/emacs-py-autopep8.git	f07d487a6cd63a8c8a44ec8b5e93b762aca97566
emacs-request	https://github.com/tkf/emacs-request.git	c22e3c23a6dd90f64be536e176ea0ed6113a5ba6
emacs-shift-number	https://codeberg.org/ideasman42/emacs-shift-number.git	4dfa414a498fa279a17595fb83b3d6aba4f3e1d0
emacs-slim	https://github.com/slim-template/emacs-slim.git	0b1b3803290f749cb85084adc75013254b513d41
emacs-solaire-mode	https://github.com/hlissner/emacs-solaire-mode.git	1bd0134194e48c8fe4089e9d505517935b2b15e3
emacs-websocket	https://github.com/ahyatt/emacs-websocket.git	2195e1247ecb04c30321702aa5f5618a51c329c5
emacs-which-key	https://github.com/justbur/emacs-which-key.git	38d4308d1143b61e4004b6e7a940686784e51500
emacsmirror-mirror	https://github.com/emacs-straight/emacsmirror-mirror.git	eda595efd14b64368b223db954128a2fb79ce3cb
emacsql	https://github.com/magit/emacsql.git	2fe6d4562b32a170a750d5e80514fbb6b6694803
embark	https://github.com/oantolin/embark.git	ec5dd1475595277ef908567d0a18d32f1c40bc91
embrace.el	https://github.com/cute-jumper/embrace.el.git	c7e748603151d7d91c237fd2d9cdf56e9f3b1ea8
emmet-mode	https://github.com/smihica/emmet-mode.git	322d3bb112fced57d63b44863357f7a0b7eee1e3
epl	https://github.com/cask/epl.git	78ab7a85c08222cd15582a298a364774e3282ce6
eros	https://github.com/xiongtx/eros.git	66ee90baa3162fea028f5101ddcc370f7d1d4fcf
evil	https://github.com/emacs-evil/evil.git	729d9a58b387704011a115c9200614e32da3cefc
evil-anzu	https://github.com/emacsorphanage/evil-anzu.git	7309650425797420944075c9c1556c7c1ff960b3
evil-args	https://github.com/wcsmith/evil-args.git	a8151556f63c9d45d0c44c8a7ef9e5a542f3cdc7
evil-collection	https://github.com/emacs-evil/evil-collection.git	cf16b126feed89c06d86cde7a0276d71ac512857
evil-easymotion	https://github.com/PythonNut/evil-easymotion.git	f96c2ed38ddc07908db7c3c11bcd6285a3e8c2e9
evil-embrace.el	https://github.com/cute-jumper/evil-embrace.el.git	3081d37811b6a3dfaaf01d578c7ab7a746c6064d
evil-escape	https://github.com/hlissner/evil-escape.git	819f1ee1cf3f69a1ae920e6004f2c0baeebbe077
evil-exchange	https://github.com/Dewdrops/evil-exchange.git	5f0a2d41434c17c6fb02e4f744043775de1c63a2
evil-goggles	https://github.com/edkolev/evil-goggles.git	34ca276a85f615d2b45e714c9f8b5875bcb676f3
evil-indent-plus	https://github.com/TheBB/evil-indent-plus.git	f392696e4813f1d3a92c7eeed333248914ba6dae
evil-leader	https://github.com/cofi/evil-leader.git	39f7014bcf8b36463e0c7512c638bda4bac6c2cf
evil-lion	https://github.com/edkolev/evil-lion.git	5a0bca151466960e090d1803c4c5ded88875f90a
evil-markdown	https://github.com/Somelauw/evil-markdown.git	8e6cc68af83914b2fa9fd3a3b8472573dbcef477
evil-mc	https://github.com/gabesoft/evil-mc.git	7e363dd6b0a39751e13eb76f2e9b7b13c7054a43
evil-multiedit	https://github.com/hlissner/evil-multiedit.git	23b53bc8743fb82a8854ba907b1d277374c93a79
evil-nerd-commenter	https://github.com/redguardtoo/evil-nerd-commenter.git	db5ee61a6e75db074b7d20e9dcb68e0b94b4edc7
evil-numbers	https://github.com/juliapath/evil-numbers.git	616aff9e5cee012954756ed2715209fa90308cdf
evil-org-mode	https://github.com/doomelpa/evil-org-mode.git	06518c65ff4f7aea2ea51149d701549dcbccce5d
evil-quick-diff	https://github.com/rgrinberg/evil-quick-diff.git	69c883720b30a892c63bc89f49d4f0e8b8028908
evil-snipe	https://github.com/hlissner/evil-snipe.git	16317d7e54313490a0fe8642ed9a1a72498e7ad2
evil-surround	https://github.com/emacs-evil/evil-surround.git	da05c60b0621cf33161bb4335153f75ff5c29d91
evil-textobj-anyblock	https://github.com/willghatch/evil-textobj-anyblock.git	29280cd71a05429364cdceef2ff595ae8afade4d
evil-traces	https://github.com/mamapanda/evil-traces.git	82e8a7b4213aed140f6eb5f2cc33a09bb5587166
evil-vimish-fold	https://github.com/alexmurray/evil-vimish-fold.git	b6e0e6b91b8cd047e80debef1a536d9d49eef31a
evil-visualstar	https://github.com/bling/evil-visualstar.git	06c053d8f7381f91c53311b1234872ca96ced752
exato	https://github.com/ninrod/exato.git	aee7af7b7a0e7551478f453d1de7d5b9cb2e06c4
expand-region.el	https://github.com/magnars/expand-region.el.git	351279272330cae6cecea941b0033a8dd8bcc4e8
f.el	https://github.com/rejeep/f.el.git	931b6d0667fe03e7bf1c6c282d6d8d7006143c52
flycheck	https://github.com/flycheck/flycheck.git	0e5eb8300d32fd562724216c19eaf199ee1451ab
flycheck-package	https://github.com/purcell/flycheck-package.git	a52e4e95f3151898b36739dfdb4a98b368626fc0
flycheck-popup-tip	https://github.com/flycheck/flycheck-popup-tip.git	ef86aad907f27ca076859d8d9416f4f7727619c6
fzf.el	https://github.com/bling/fzf.el.git	75060d81f4eea3f8088ac2a4a3a253c686b44d44
gcmh	https://gitlab.com/koral/gcmh.git	0089f9c3a6d4e9a310d0791cf6fa8f35642ecfd9
general.el	https://github.com/noctuid/general.el.git	a48768f85a655fe77b5f45c2880b420da1b1b9c3
git-modes	https://github.com/magit/git-modes.git	c3faeeea1982786f78d8c38397dec0f078eaec84
git-timemachine	https://github.com/emacsmirror/git-timemachine.git	d1346a76122595aeeb7ebb292765841c6cfd417b
gnu-elpa-mirror	https://github.com/emacs-straight/gnu-elpa-mirror.git	e964a283e203b8ecb1fe439682f0c30e139ff1d6
goto-chg	https://github.com/emacs-evil/goto-chg.git	72f556524b88e9d30dc7fc5b0dc32078c166fda7
haml-mode	https://github.com/nex3/haml-mode.git	3bb4a96535eb5c81dbe6a43bfa8d67a778d449c0
helm	https://github.com/emacs-helm/helm.git	d178e52895c091c26221f18b9b1236f985c79226
helm-ag	https://github.com/emacsorphanage/helm-ag.git	a7b43d9622ea5dcff3e3e0bb0b7dcc342b272171
helm-descbinds	https://github.com/emacs-helm/helm-descbinds.git	0aff44badad976ebf2666a7e9b6ddf4db53e59e5
helm-projectile	https://github.com/bbatsov/helm-projectile.git	0ffb6b5f09c1d65d721c1111ebfa6cec0ba63234
helm-swoop	https://github.com/emacsorphanage/helm-swoop.git	df90efd4476dec61186d80cace69276a95b834d2
helpful	https://github.com/Wilfred/helpful.git	03756fa6ad4dcca5e0920622b1ee3f70abfc4e39
highlight-quoted	https://github.com/Fanael/highlight-quoted.git	24103478158cd19fbcfb4339a3f1fa1f054f1469
hl-todo	https://github.com/tarsius/hl-todo.git	9a147b9a306471d156dbf8f53af7724061806f80
ht.el	https://github.com/Wilfred/ht.el.git	1c49aad1c820c86f7ee35bf9fff8429502f60fef
htmlize	https://github.com/emacsorphanage/htmlize.git	fa644880699adea3770504f913e6dddbec90c076
hydra	https://github.com/abo-abo/hydra.git	59a2a45a35027948476d1d7751b0f0215b1e61aa
iedit	https://github.com/victorhge/iedit.git	14161daa295332a49dda92b97c00d62efd38acfe
imenu-anywhere	https://github.com/vspinu/imenu-anywhere.git	06ec33d79e33edf01b9118aead1eabeae8ee08b1
ivy-rich	https://github.com/Yevgnen/ivy-rich.git	aff9b6bd53e0fdcf350ab83c90e64e651b47dba4
ivy-xref	https://github.com/alexmurray/ivy-xref.git	a82e8e117d2dd62c28b6a3e3d6e4cfb11c0bda38
jade-mode	https://github.com/brianc/jade-mode.git	1ad7c51f3c6a6ae64550d9510c5e4e8470014375
json-mode	https://github.com/json-emacs/json-mode.git	466d5b563721bbeffac3f610aefaac15a39d90a9
json-snatcher	https://github.com/Sterlingg/json-snatcher.git	b28d1c0670636da6db508d03872d96ffddbc10f2
let-completion.el	https://github.com/gggion/let-completion.el.git	460cdd5a73d857d6d91469e28f84f02465db8dac
libmpdel	https://github.com/mpdel/libmpdel.git	f2cb01c8d004b5fbfa937579e899035a47d2a5f2
link-hint.el	https://github.com/noctuid/link-hint.el.git	8fda5dcb9caff5a3c49d22b82e570ac9e29af7dd
listen	https://github.com/emacs-straight/listen.git	737c0eb6cc0ed7a9df469dc9a8523faddf8a9246
llama	https://github.com/tarsius/llama.git	e6d2127c12d43a923b86341cb160c8c23c3a2e0d
lsp-mode	https://github.com/emacs-lsp/lsp-mode.git	e5cdc6c8f4ef7c0cfaa9b4210381b6230d010463
lsp-ui	https://github.com/emacs-lsp/lsp-ui.git	8d888a3ab1ba9e46bd4711398c57d39d0b709a45
lua-mode	https://github.com/immerrr/lua-mode.git	2f6b8d7a6317e42c953c5119b0119ddb337e0a5f
macrostep	https://github.com/emacsorphanage/macrostep.git	d0928626b4711dcf9f8f90439d23701118724199
magit	https://github.com/magit/magit.git	c800f79c2061621fde847f6a53129eca0e8da728
map	https://github.com/emacs-straight/map.git	d0aac540461a2ed0e6f9e83de68a819d1a0db8c1
marginalia	https://github.com/minad/marginalia.git	8d87d2aedcefe0b157204f5c936dce3d0eacdf27
markdown-mode	https://github.com/jrblevin/markdown-mode.git	1f72cefa6a4b759f90e335e4908725a721b17ad9
markdown-toc	https://github.com/ardumont/markdown-toc.git	d22633b654193bcab322ec51b6dd3bb98dd5f69f
melpa	https://github.com/melpa/melpa.git	0a16d7c30957f7820cc5c754b3651a3aff757a86
mpdel	https://github.com/mpdel/mpdel.git	64cf50aca68064c2857ed0e5a8fddb2075d97090
multiple-cursors.el	https://github.com/magnars/multiple-cursors.el.git	94b8b07a4bab87f803123723b68227565429dfa1
navigel	https://github.com/DamienCassou/navigel.git	539fe2d9542b01824869b98cde000079a1159b9f
nerd-icons.el	https://github.com/rainstormstudio/nerd-icons.el.git	ae1b85c487c2b0bb1efb8bc0edc23af74282eec2
nodejs-repl.el	https://github.com/abicky/nodejs-repl.el.git	c232b4964bd1c9f202fd515685b42c69af415f19
nongnu-elpa	https://github.com/emacsmirror/nongnu_elpa.git	9a138bb309154f4595bd11b6e12cd2d56d99dc49
ob-async	https://github.com/astahlman/ob-async.git	9aac486073f5c356ada20e716571be33a350a982
orderless	https://github.com/oantolin/orderless.git	a5e960f5a9a080d982aba86378da1d12641cae5c
org	https://github.com/emacs-straight/org-mode.git	2f6959386141ea0f02e84b7b5903c8866caf2636
org-cliplink	https://github.com/rexim/org-cliplink.git	13e0940b65d22bec34e2de4bc8cba1412a7abfbc
org-contrib	https://github.com/emacsmirror/org-contrib.git	b840bdabd1867f9d51ee36bef7bac4be7073288c
org-ql	https://github.com/alphapapa/org-ql.git	4b8330a683c43bb4a2c64ccce8cd5a90c8b174ca
org-roam	https://github.com/org-roam/org-roam.git	903bd4ec56d29247990d005ed9052c201e18b812
org-super-agenda	https://github.com/alphapapa/org-super-agenda.git	fb20ad9c8a9705aa05d40751682beae2d094e0fe
org-transclusion	https://github.com/emacs-straight/org-transclusion.git	2b010733bd888519d0dacb64f4acf023a2334a38
org-tree-slide	https://github.com/takaxp/org-tree-slide.git	e2599a106a26ce5511095e23df4ea04be6687a8a
orgit	https://github.com/magit/orgit.git	4fb91faff3bf32dac5f6f932654c280cd1f190f7
ov	https://github.com/emacsorphanage/ov.git	e2971ad986b6ac441e9849031d34c56c980cf40b
overseer.el	https://github.com/tonini/overseer.el.git	7fdcf1a6fba6b1569a09c1666b4e51bcde266ed9
ox-clip	https://github.com/jkitchin/ox-clip.git	a549cc8e1747beb6b7e567ffac27e31ba45cb8e8
package-lint	https://github.com/purcell/package-lint.git	7e2dfcf99011fa82d92baba973841db717657964
peg	https://github.com/emacs-straight/peg.git	a913f2e152958505c85c8658fa69b64d3aa04130
persist	https://github.com/emacs-straight/persist.git	a4c6e759e340d7af9b3f2aad21d279f336cfde68
persp-mode.el	https://github.com/Bad-ptr/persp-mode.el.git	40e9993a9711cba5fb56dfec81a507fabeba9668
pkg-info	https://github.com/emacsorphanage/pkg-info.git	76ba7415480687d05a4353b27fea2ae02b8d9d61
polymode	https://github.com/polymode/polymode.git	8cb72fa5dcc0d98746c680043dc121edc7621e3a
popup-el	https://github.com/auto-complete/popup-el.git	45a0b759076ce4139aba36dde0a2904136282e73
posframe	https://github.com/tumashu/posframe.git	fcf1757baee481f617fbf2dc39f8c561207df263
project	https://github.com/emacs-straight/project.git	f4ec26c30a08663e93449317a5f765032ab84f28
projectile	https://github.com/bbatsov/projectile.git	957d808849e317d2f412ab8e844da48727df3917
pyvenv	https://github.com/jorgenschaefer/pyvenv.git	31ea715f2164dd611e7fc77b26390ef3ca93509b
queue	https://github.com/emacs-straight/queue.git	8df1334d54d4735d2f821790422a850dfaaa08ef
quickrun	https://github.com/emacsorphanage/quickrun.git	9199e222f95104ee83e115a9d5ac159d86816706
rainbow-mode	https://github.com/emacs-straight/rainbow-mode.git	2e6b18609c2fdd1a2dc513937a64d276fd6cf24c
restart-emacs	https://github.com/iqbalansari/restart-emacs.git	1607da2bc657fe05ae01f7fdf26f716eafead02c
restclient	https://github.com/emacsorphanage/restclient.git	1800a4e367c250051617d0b8c16a7cbd7f47da69
s.el	https://github.com/magnars/s.el.git	dda84d38fffdaf0c9b12837b504b402af910d01d
sass-mode	https://github.com/nex3/sass-mode.git	247a0d4b509f10b28e4687cd8763492bca03599b
seq	https://github.com/emacs-straight/seq.git	da86da9bf111f68fb81efd466d76d53af5aebc00
shrink-path.el	https://gitlab.com/bennya/shrink-path.el.git	c14882c8599aec79a6e8ef2d06454254bb3e1e41
side-hustle	https://github.com/rnkn/side-hustle.git	94450b58cec1b809afe08d0754a6662839efbc9d
smartparens	https://github.com/Fuco1/smartparens.git	82d2cf084a19b0c2c3812e0550721f8a61996056
snippets	https://github.com/doomemacs/snippets.git	fd4edaaf0c8476a26994db17d084b36733c635e2
spinner	https://github.com/emacs-straight/spinner.git	fa117f0893788f3fe24673715a6b83bb34d238dd
straight.el	https://github.com/radian-software/straight.el	e40a5b7f8b0c1bb2cde0e7e477b5f81303e34b95
swiper	https://github.com/abo-abo/swiper.git	ec9421340c88ebe08f05680e22308ed57ed68a3d
tablist	https://github.com/emacsorphanage/tablist.git	fcd37147121fabdf003a70279cf86fbe08cfac6f
taxy	https://github.com/emacs-straight/taxy.git	aa05706b33d3576e0ecc476962c90607b9570bd5
taxy-magit-section	https://github.com/emacs-straight/taxy-magit-section.git	d5d12922d1db83987fdebf2056c7cb014a0aefb0
themes	https://github.com/doomemacs/themes.git	53645a905dfb3055db52f5d418d5ef612027e062
toc-org	https://github.com/snosov1/toc-org.git	6d3ae0fc47ce79b1ea06cabe21a3c596395409cd
transient	https://github.com/magit/transient.git	9e78954343613786cdb0659183b766099f051149
treesit-fold	https://github.com/emacs-tree-sitter/treesit-fold	e6b215b8f25f8c58606ab4f850794b61b61111e1
ts.el	https://github.com/alphapapa/ts.el.git	552936017cfdec89f7fc20c254ae6b37c3f22c5b
undo-tree	https://github.com/emacs-straight/undo-tree.git	d8f72bbe7d3c3a2808986febd3bb1a46d4da7f51
use-package	https://github.com/emacs-straight/use-package.git	4b3484b550431f74ab9cda060a8dc983fe482131
vertico	https://github.com/minad/vertico.git	9e09fdddd6d3d995173cae0904347f46c2cdc55d
vi-tilde-fringe	https://github.com/syl20bnr/vi-tilde-fringe.git	f1597a8d54535bb1d84b442577b2024e6f910308
vimish-fold	https://github.com/matsievskiysv/vimish-fold.git	f71f374d28a83e5f15612fa64aac1b2e78be2dcd
web-mode	https://github.com/fxbois/web-mode.git	e93b3fb89fd6345a5ff59795bed712abd486200a
wfnames	https://github.com/thierryvolpiatto/wfnames.git	6ea49841ab76f44c0164b9f4722da2f9d46228da
with-editor	https://github.com/magit/with-editor.git	f8f56876966e17566e129df183c46a26da10b04a
xref	https://github.com/emacs-straight/xref.git	bd31f9ac86a105c01631b29e6f442049500e9928
yaml-mode	https://github.com/yoshiki/yaml-mode.git	96ef0201101a7cd591febd5886633154dae8834c
yasnippet	https://github.com/joaotavora/yasnippet.git	c1e6ff23e9af16b856c88dfaab9d3ad7b746ad37
yasnippet-capf	https://github.com/elken/yasnippet-capf.git	f53c42a996b86fc95b96bdc2deeb58581f48c666
